5-alpha_reductase_inhibitor,11-beta-hsd1_inhibitor,acat_inhibitor,acetylcholine_receptor_agonist,acetylcholine_receptor_antagonist,acetylcholinesterase_inhibitor,adenosine_receptor_agonist,adenosine_receptor_antagonist,adenylyl_cyclase_activator,adrenergic_receptor_agonist,adrenergic_receptor_antagonist,akt_inhibitor,aldehyde_dehydrogenase_inhibitor,alk_inhibitor,ampk_activator,analgesic,androgen_receptor_agonist,androgen_receptor_antagonist,anesthetic_-_local,angiogenesis_inhibitor,angiotensin_receptor_antagonist,anti-inflammatory,antiarrhythmic,antibiotic,anticonvulsant,antifungal,antihistamine,antimalarial,antioxidant,antiprotozoal,antiviral,apoptosis_stimulant,aromatase_inhibitor,atm_kinase_inhibitor,atp-sensitive_potassium_channel_antagonist,atp_synthase_inhibitor,atpase_inhibitor,atr_kinase_inhibitor,aurora_kinase_inhibitor,autotaxin_inhibitor,bacterial_30s_ribosomal_subunit_inhibitor,bacterial_50s_ribosomal_subunit_inhibitor,bacterial_antifolate,bacterial_cell_wall_synthesis_inhibitor,bacterial_dna_gyrase_inhibitor,bacterial_dna_inhibitor,bacterial_membrane_integrity_inhibitor,bcl_inhibitor,bcr-abl_inhibitor,benzodiazepine_receptor_agonist,beta_amyloid_inhibitor,bromodomain_inhibitor,btk_inhibitor,calcineurin_inhibitor,calcium_channel_blocker,cannabinoid_receptor_agonist,cannabinoid_receptor_antagonist,carbonic_anhydrase_inhibitor,casein_kinase_inhibitor,caspase_activator,catechol_o_methyltransferase_inhibitor,cc_chemokine_receptor_antagonist,cck_receptor_antagonist,cdk_inhibitor,chelating_agent,chk_inhibitor,chloride_channel_blocker,cholesterol_inhibitor,cholinergic_receptor_antagonist,coagulation_factor_inhibitor,corticosteroid_agonist,cyclooxygenase_inhibitor,cytochrome_p450_inhibitor,dihydrofolate_reductase_inhibitor,dipeptidyl_peptidase_inhibitor,diuretic,dna_alkylating_agent,dna_inhibitor,dopamine_receptor_agonist,dopamine_receptor_antagonist,egfr_inhibitor,elastase_inhibitor,erbb2_inhibitor,estrogen_receptor_agonist,estrogen_receptor_antagonist,faah_inhibitor,farnesyltransferase_inhibitor,fatty_acid_receptor_agonist,fgfr_inhibitor,flt3_inhibitor,focal_adhesion_kinase_inhibitor,free_radical_scavenger,fungal_squalene_epoxidase_inhibitor,gaba_receptor_agonist,gaba_receptor_antagonist,gamma_secretase_inhibitor,glucocorticoid_receptor_agonist,glutamate_inhibitor,glutamate_receptor_agonist,glutamate_receptor_antagonist,gonadotropin_receptor_agonist,gsk_inhibitor,hcv_inhibitor,hdac_inhibitor,histamine_receptor_agonist,histamine_receptor_antagonist,histone_lysine_demethylase_inhibitor,histone_lysine_methyltransferase_inhibitor,hiv_inhibitor,hmgcr_inhibitor,hsp_inhibitor,igf-1_inhibitor,ikk_inhibitor,imidazoline_receptor_agonist,immunosuppressant,insulin_secretagogue,insulin_sensitizer,integrin_inhibitor,jak_inhibitor,kit_inhibitor,laxative,leukotriene_inhibitor,leukotriene_receptor_antagonist,lipase_inhibitor,lipoxygenase_inhibitor,lxr_agonist,mdm_inhibitor,mek_inhibitor,membrane_integrity_inhibitor,mineralocorticoid_receptor_antagonist,monoacylglycerol_lipase_inhibitor,monoamine_oxidase_inhibitor,monopolar_spindle_1_kinase_inhibitor,mtor_inhibitor,mucolytic_agent,neuropeptide_receptor_antagonist,nfkb_inhibitor,nicotinic_receptor_agonist,nitric_oxide_donor,nitric_oxide_production_inhibitor,nitric_oxide_synthase_inhibitor,norepinephrine_reuptake_inhibitor,nrf2_activator,opioid_receptor_agonist,opioid_receptor_antagonist,orexin_receptor_antagonist,p38_mapk_inhibitor,p-glycoprotein_inhibitor,parp_inhibitor,pdgfr_inhibitor,pdk_inhibitor,phosphodiesterase_inhibitor,phospholipase_inhibitor,pi3k_inhibitor,pkc_inhibitor,potassium_channel_activator,potassium_channel_antagonist,ppar_receptor_agonist,ppar_receptor_antagonist,progesterone_receptor_agonist,progesterone_receptor_antagonist,prostaglandin_inhibitor,prostanoid_receptor_antagonist,proteasome_inhibitor,protein_kinase_inhibitor,protein_phosphatase_inhibitor,protein_synthesis_inhibitor,protein_tyrosine_kinase_inhibitor,radiopaque_medium,raf_inhibitor,ras_gtpase_inhibitor,retinoid_receptor_agonist,retinoid_receptor_antagonist,rho_associated_kinase_inhibitor,ribonucleoside_reductase_inhibitor,rna_polymerase_inhibitor,serotonin_receptor_agonist,serotonin_receptor_antagonist,serotonin_reuptake_inhibitor,sigma_receptor_agonist,sigma_receptor_antagonist,smoothened_receptor_antagonist,sodium_channel_inhibitor,sphingosine_receptor_agonist,src_inhibitor,steroid,syk_inhibitor,tachykinin_antagonist,tgf-beta_receptor_inhibitor,thrombin_inhibitor,thymidylate_synthase_inhibitor,tlr_agonist,tlr_antagonist,tnf_inhibitor,topoisomerase_inhibitor,transient_receptor_potential_channel_antagonist,tropomyosin_receptor_kinase_inhibitor,trpv_agonist,trpv_antagonist,tubulin_inhibitor,tyrosine_kinase_inhibitor,ubiquitin_specific_protease_inhibitor,vegfr_inhibitor,vitamin_b,vitamin_d_receptor_agonist,wnt_inhibitor
g-648,d_g_max_min_p,df_g-22,g-693,d_c_min_mad_d,clusters_g,df_g-5,clusters_g,g-91,g-385,df_g-439,g-29,df_g-744,g-231,df_g-166,g-441,df_g-599,cnt_1,df_g-104,df_g-28,d_g_max_min_p,df_g-396,df_g-474,df_g-709,g-755,g-569,df_g-452,d_g-144,df_g-206,g-249,df_c-21,df_c-45,df_c-79,g-178,g-630,g-635,g-385,g-763,g-763,df_g-769,df_g-150,g-635,df_g-330,clusters_df_c,g-364,g-178,g-530,g-441,g-138,df_c-94,df_g-704,c-76,g-571,df_g-482,df_g-702,df_g-473,g-565,df_g-609,d_g_max_min_p,df_c-21,g-613,cnt_2,df_g-373,g-350,g-358,g-520,cnt_2,cnt_2,df_g-241,df_g-344,g-254,d_g-405,c_all_max_min_p,g-55,g-385,df_g-434,g-251,g-178,clusters_g,g-40,c-30,d_g-593,df_g-17,g-178,d_g_max_min_p,g-26,g-603,g-462,df_c-65,df_c-65,g-763,d_g-352,c-61,g-238,g-58,g-162,g-231,df_g-413,df_g-733,df_g-547,df_g-451,g-636,g-162,d_g-525,df_g-397,g-91,g-294,g-546,g-737,g-178,g-29,c-18,g-441,g-244,g-231,g-311,g-357,df_g-341,df_g-253,df_c-65,df_g-766,g-30,clusters_c_all,df_g-187,clusters_g,g-178,g-65,g-512,df_g-12,g-635,df_g-113,clusters_df_g,g-433,g-699,df_g-727,g-597,g-349,g-13,g-126,df_g-228,d_g-256,g-12,g-558,df_c_min_kurt_p,df_g-409,df_g-104,g-414,g-504,g-65,df_c-65,df_g-346,clusters_df_c,df_g-283,g-117,g-20,df_g-485,clusters_g,g-357,g-357,g-69,g-357,df_g-640,g-74,c-53,g-316,g-34,g-130,df_g-17,g-407,c-34,g-156,df_g-387,g-229,g-34,g-36,g-465,g-58,g-357,g-313,df_g-652,clusters_df_c,c_all_min,clusters_g,df_g-735,g-231,g_all_max_min_p,g-480,clusters_g,g-443,d_g_max_min_p,df_g-527,df_g-219,df_g-114,g-369,g-90,clusters_df_c,g-226,g-226,g-178,g-569,g-763,g-164,df_c-65,g-370,g-414,df_g-538
d_g-478,g-497,df_g-420,g-244,g-210,c_all_max_min_p,d_c-84,clusters_df_c,d_g-639,g-91,cnt_2,g-58,d_g-398,g-414,df_g-149,df_g-516,df_c-37,clusters_g,c-80,df_g-739,df_g-407,clusters_df_g,g-370,cnt_2,g-470,df_g-546,g-249,g-55,df_g-707,df_g-671,df_g-101,g-131,d_g-450,g-271,g-297,df_c-19,d_g_max_min_p,g-254,g-369,g-531,g-719,clusters_g,d_g-525,g_max,clusters_df_g,clusters_df_g,df_g-79,g-138,g-341,df_c-8,df_c-53,g-207,g-291,df_g-611,df_g-550,g-130,cnt_2,df_g-144,d_g-443,df_g-663,c-73,c-30,g-427,g-763,df_g-433,g-254,g-182,g-707,g-164,df_g-43,g-689,g-379,g_all_min,g-429,df_g-740,g-5,g-579,g-512,df_g-166,c-12,g-635,g-470,g-231,df_c_min,g-706,df_g-386,d_g-113,g-55,g-635,g-178,g-398,g-360,d_c_kurt_skew_p,g-58,clusters_g,g-210,g-504,df_g-214,d_c_min_kurt_d,d_g-69,df_g-302,g-48,df_c-12,g-269,df_c-6,df_g-707,g-14,df_g-322,df_g-707,g-156,g-164,g-117,g-69,g-130,g_all_max,df_g-279,d_g-639,df_g-528,g-30,g-178,g-678,g-422,d_g_max_min_p,df_g-31,g-546,df_c-31,g-20,g-178,df_g-740,g-218,df_g-301,g-653,d_g-535,g-635,clusters_df_c,df_g-140,df_c-93,g-648,g-190,g-241,g-190,df_c-84,g-441,g-691,clusters_g,d_g_max_min_p,g-91,df_g-457,g-20,g-178,df_g-432,d_g-478,g-764,g-34,clusters_d_c,df_g-275,df_g-263,clusters_df_c,df_g-53,g-689,df_g-179,d_g-84,df_c_min,df_c-93,clusters_d_c,g-441,cnt_2,g-231,g-341,g-635,g-144,g-632,c-31,g-522,g-708,d_g-352,df_g-636,df_c-6,g-500,df_c-71,g-316,df_g-646,df_g-33,g-470,df_g-593,clusters_df_g,df_g-3,c-74,g-402,g-561,g-48,g-96,g-105,d_g_max_min_p,g-113,g-391,g-689,g-350,g-252,g-20,cnt_2,g-33,g-291,d_g-198,g-254,df_g-149
df_g-644,c-25,df_g-322,df_g-707,df_g-707,df_g-467,df_g-386,df_g-218,d_c-97,g-201,d_g_max_min_p,g-8,df_g-22,g-69,g-258,d_g-104,df_g-432,df_g-605,df_g-537,g-306,g-737,d_g-684,df_g-17,df_c-16,g-201,g-31,df_g-303,g_all_max,df_g-658,df_g-451,df_g-516,g-309,clusters_d_c,c-76,df_c-65,g-231,g-398,g-464,g-299,d_g-113,df_g-679,df_g-370,df_g-707,df_g-104,cnt_2,df_g-370,g-635,g-136,df_g-144,g-558,df_g-514,g-423,c-1,df_g-466,df_g-527,g-220,df_c-94,df_g-262,g-334,g-763,df_g_max,g-344,d_g-373,g-58,g-247,g-20,df_g-66,d_c_max,clusters_df_g,d_g-639,d_g-119,g-91,cnt_1,g-520,df_g-93,g-569,g-254,g-546,g-512,g-178,g-414,df_c-71,df_g-479,df_g-621,cnt_1,g-323,g-91,g_max,g_all_max_min_p,g-34,d_g-429,df_g-113,g-69,clusters_g,g-269,g-34,g-208,c-50,df_g-675,df_c-79,g-548,df_g-122,g-242,df_g-476,cnt_1,clusters_df_g,g-680,g-208,g-646,g-183,g-422,g-138,g-201,df_g-403,df_g-81,d_c-97,g-105,g-234,g-269,g-522,g-33,df_g-480,g-311,g-533,df_g-341,g-712,c-85,g-379,g-62,g-591,d_g-333,df_g-387,g-579,g-34,c-74,df_g-324,g-168,g-372,df_c-36,g-719,d_g-345,df_g-681,g-390,df_g-238,g-291,df_g-294,g-763,df_g-264,g-90,g-34,df_g-337,df_g-52,g-178,g-422,d_c-75,df_g-124,df_g-636,g-105,df_g-415,df_g-222,d_g-639,df_g-137,clusters_g,df_c-20,g_all_min,df_g-592,df_g-12,g-712,clusters_d_c,df_g-769,g-325,g-635,g-54,g-282,g-499,g-695,df_g-309,df_c-84,df_g-561,df_g-490,g-514,df_g-413,g-34,df_c-15,g-83,g-170,d_g-480,c-25,g-414,g-414,g-755,df_g_max,g-468,g-582,g-65,d_g-668,g-764,g-646,df_g-46,g-152,df_g-199,g-743,g-350,d_c-91,d_g-627,df_g-460
g-643,d_g-401,g-350,df_g-51,df_g-663,d_g-705,df_g-314,df_c-11,g-138,g-8,g_max_min_p,g-282,df_g-582,d_c-17,d_c-97,d_g-159,c_all_max_mad_d,g-513,d_g-370,df_g-294,g-329,g-464,df_g-623,df_g-199,df_g-755,g-385,df_g-411,df_c-83,g-182,g-226,df_g-645,g-637,df_c-17,df_c-21,df_c-87,g-108,d_c-19,g-372,g-603,df_c-36,df_g-22,g-128,g-537,c-29,df_g-460,df_c_min_mad_d,d_c-51,c-50,g-190,df_g-520,df_g-554,g-29,df_c-19,g-711,df_c-59,c-74,df_g-439,g-196,g-468,c-76,df_c-11,clusters_g,df_g-655,g-766,d_g-676,c-50,df_g-667,df_g-548,d_c-81,g-91,g-504,g-405,df_g-33,g-559,df_c-89,g-478,d_g-592,g-90,df_c-3,g-608,g-146,c-56,df_g-716,d_g_max_min_p,df_g-752,df_g-478,g-231,g-608,df_g-720,g-522,g-429,df_g-8,df_g-35,df_g-707,df_g-370,df_g-162,df_g-122,g-141,g-436,df_g-304,g-553,g-695,df_g-766,g-705,df_g-753,df_c_min_kurt_d,g-252,df_g-164,df_c-2,g-291,g-144,d_c-18,g-8,df_g-746,g-564,d_g-370,clusters_g,clusters_c,g-441,g-207,g-183,df_c-53,clusters_g,df_g-490,g-231,g-357,df_c-36,g-329,df_g-739,df_g-28,d_g-57,df_c-2,g-34,g-207,df_g-665,df_g-258,c-31,d_g-13,c-34,df_g_max_kurt_p,g-53,df_g-309,d_g-734,df_g-218,cnt_1,df_g-243,g-269,g-8,g-405,g-522,cnt_2,df_g-287,g-579,g-743,g-512,c_all_min,g_max_min_p,d_g-639,df_g-655,df_g-707,d_g-124,df_g-411,clusters_df_c,df_c-53,d_g-417,g-704,g-299,df_g-479,df_c-15,df_c-65,g-395,g-678,df_g-674,g-126,df_g-51,df_g-283,g-207,g-351,df_c-48,clusters_d_c,g-41,d_g_min_sum_p,g-504,g-376,g-117,g-529,g-121,g-596,g-180,g-764,df_g-379,g-695,d_g-5,d_g-104,df_c-62,g-553,df_g-31,g-136,g-375,g-291,df_g-71,d_c-81,df_c-67,g-16,g-344,g-252
g-344,g-559,df_g-544,df_c-46,clusters_g,df_g-514,df_g-182,df_c-64,g-705,g-231,df_g-622,g-207,df_g-697,g-402,df_g-537,d_g-314,d_c_max_kurt_d,g-660,df_c-1,df_g-564,g-105,d_g-128,df_g-448,cnt_1,df_g-84,g-726,d_g-144,df_g-714,clusters_g,df_g-327,g-703,g-329,g-576,g-597,df_g-691,d_c-19,df_g-101,g-50,g-20,df_g-362,df_g-294,clusters_df_g,g-357,g-393,c-28,df_g-104,c-18,g-36,g-504,d_g-69,g-737,g-242,d_c-19,g-306,df_g-421,df_g-417,g-114,df_c-46,clusters_d_c,g-113,df_c-62,g-182,df_g-478,g-270,c_all_max,g-372,c-0,df_c-81,df_g-606,df_c-97,g_max_kurt_p,df_g-181,g-170,g-24,df_g-676,d_g-221,g-266,g-20,df_g-110,g-241,g-62,df_g-245,d_g-221,cnt_2,d_c_kurt_skew_p,g-579,g-164,df_g-339,g-425,g_all_min_mad_d,g-137,df_c-41,d_g-592,df_g-676,d_g-592,g-270,g-210,g-558,g-123,df_g-535,df_g-674,g-143,clusters_df_g,g-395,d_g-401,df_g-370,c_all_min_kurt_d,df_g-31,df_g-638,d_g_sum,df_g-766,df_c-78,g-329,df_g-393,g_all_max_min_p,g-123,df_g-105,df_c-79,g-69,df_c-67,df_g-756,d_g-609,df_c-37,df_g-164,d_c_kurt_skew_p,df_c_max_sum_p,df_g-640,df_g-709,c-17,df_g-52,df_g-27,df_g-737,g-96,g-395,g-519,df_g-105,c-16,g-182,g-576,d_g-401,df_g-84,g-258,g_kurt_skew_p,clusters_g,df_c_kurt_skew_p,g-59,g-90,df_g-582,df_g-756,d_g-535,g-544,g-170,g-59,c-30,g-763,g-33,df_g-370,g-117,df_g-679,g-231,g-168,df_g-558,df_g-408,g-512,df_g-294,g-271,g-546,d_g-221,df_g-8,g-189,g-308,g-464,c-50,d_c-18,g-689,d_g-144,g-661,g-226,df_c-69,g_max_min_p,g-707,df_g-647,df_c_min_kurt_p,g-231,g-170,g-174,c-76,g-178,df_g-443,d_g-712,g-715,df_g-308,df_g-415,df_g-698,d_g-113,df_g-235,df_g-612,g-29,df_g-434,g-91,g-138,g-426,g-30,df_g-324,g-357,df_g-262
df_g-301,g-401,d_g_min_std_d,g-190,df_c-4,df_c-68,df_g-28,df_g-528,df_g-308,g-425,g-533,df_c-48,df_g-494,df_g-283,df_g-306,g-59,g-357,g-537,df_c-17,df_g-752,g-613,g-170,g-108,df_g-346,df_g-446,clusters_c_all,g-572,g-385,c-25,df_g-665,df_g-46,g-650,g-693,g-220,d_g-766,c-80,df_g-487,g-90,g-36,df_g-632,df_g-393,g-261,d_g-728,df_g-657,df_g-618,g-364,g-620,g-269,g-394,g-637,df_g-267,df_g-263,g-117,d_g-84,c-30,g-680,g-329,g-168,df_g_max,d_g_max_min_p,df_g-640,df_g-671,g-254,g-498,d_g-161,g-635,df_g-22,g-660,d_c-83,df_g-658,g_min_kurt_p,df_g-743,df_g-43,g-512,g-462,c-76,g-602,g-36,g-24,g-133,g-8,clusters_df_g,df_g-342,df_g-707,g-422,d_g-124,g-737,df_g-251,d_g_min_std_d,g-156,g-20,d_g-113,d_g_max_min_p,df_g-555,d_g-609,g-441,g-720,g-276,d_c_max_kurt_d,d_g_max_min_p,df_c_max_sum_p,g-190,g-620,g-708,df_g-618,df_g-541,d_g-33,cnt_1,g-336,d_g-312,g-456,g-108,d_g-590,c_max_kurt_d,g-533,g-59,d_g-417,df_g-623,g-329,g-708,df_g-429,c-94,g-706,df_g-582,d_g-349,g-138,g-189,g-207,g-548,clusters_df_c,g-57,g-249,df_g-626,g-291,df_g-769,df_g-228,df_c-31,g-196,df_g-124,g-436,df_g-647,df_c-90,g-190,df_g-741,df_g-88,g-36,g-189,df_g-54,df_g-209,g-30,df_g-560,g-704,g-534,g-146,df_g-228,df_g-129,d_c-46,clusters_df_g,g-689,df_c-63,df_g-105,df_g-705,df_g-370,df_c-14,g_all_max_skew_p,g-229,df_g-8,df_g-695,df_g-611,g-357,df_g-542,g-128,df_g-566,g-704,df_g-689,clusters_df_g,df_g-638,g-328,df_g-618,clusters_df_g,g-654,g-703,g-261,g-297,g-691,df_g-238,d_g-525,df_g-438,d_g-443,g-375,g-519,d_g-443,c_max_kurt_d,g-190,g-29,df_g-677,g-164,df_c_min,d_c-91,c-50,df_c-79,df_g-688,g-45,df_g-396,g-629,g-459
c_all_kurt_skew_d,d_g-639,df_g-695,g-763,df_g-379,df_g-28,g-755,g_kurt_skew_p,g-344,df_g-47,df_c-6,df_c-44,c-81,g-121,c-28,df_g-739,df_g-397,d_g-112,d_g-128,g-176,df_g-560,g_all_max,g-441,df_g-571,df_c-29,g-370,df_g-652,g-20,df_c_min,g-336,df_g-333,d_g-124,g-105,df_c-19,g-697,g-128,df_g-655,g-62,g-297,g-351,df_g-114,g-291,df_c-35,g-624,df_g-33,g_max,df_g-541,g-374,g-521,g-8,df_g-205,g-379,c_all_min,d_g-74,df_g-552,d_g-128,d_g-189,clusters_df_c,df_g-359,c-34,g-58,g-351,cnt_1,g-294,df_g-78,g-499,df_g-283,g-269,df_c_min_kurt_d,g-220,g-95,g-689,g-320,g-708,g-428,g-680,g-707,g-715,df_g-88,df_g-9,g-117,df_c-88,g-608,g-533,g-708,df_g-739,g-128,df_g-566,g-91,g-297,g-766,cnt_2,df_c-65,g-678,g-370,g-411,g-689,g-559,g-351,df_g-360,df_g-28,g-116,df_g-691,g-763,df_g-700,d_c-66,g-254,g-395,g-264,d_g_max_sum_p,g-166,g-529,g-458,g-53,g-270,g-314,g-26,g-297,df_g-696,g-34,df_g-69,g-576,df_c-68,df_g-344,g-428,df_g-397,df_g-65,g-108,df_c-75,g-565,df_c-21,g-130,d_g-352,g-107,cnt_2,df_g-731,c-78,c-80,d_c_kurt,c-39,df_g-656,df_g-466,g-693,g-669,g-714,g-468,g-152,df_g-162,clusters_df_c,g_all_max_sum_p,d_g-639,df_g-144,g-190,g-344,g-269,df_g-155,g-763,df_g-105,c-0,df_g-322,g-105,c-76,g-522,c-17,d_g-590,df_g-658,df_g-707,g-608,df_g-252,g-207,df_g-676,g-311,g-615,cnt_2,df_c-16,df_c-65,df_g-654,g-504,g-464,c-68,df_g-765,df_g-163,d_g_max_min_p,df_g-215,g-114,g_all_max,g-691,g-48,g-106,g-55,df_g-206,g-141,df_g-637,g-69,g-602,df_g-133,c-94,df_c-75,df_g-709,df_c-67,c_all_min,g-91,g-635,d_c-46,df_g-516,df_g-31
g-144,g-653,df_g-415,g-182,df_g-26,g-130,d_g_max_min_p,g-40,g-8,d_g-586,df_g-741,g-500,d_c_min_skew_d,g-350,c-30,df_g-626,df_g-88,c_min_kurt_d,g-24,df_g-118,df_g-222,df_g-238,g-241,df_g-691,df_g-708,df_g-213,df_g-408,df_g-766,df_c-25,df_g-86,df_g-66,c_all_min,g-299,g-726,d_g-697,g-763,df_g-473,g-708,g-48,g-113,g-537,g-229,df_g-480,df_g-212,g-729,df_g-648,g-763,g-271,g-438,g-90,df_g-314,g-34,g-62,df_g-71,g-385,d_g-236,d_g-639,df_g-683,g-372,g-531,g-180,d_g-458,df_g-480,g-50,g-660,g-763,clusters_c,d_c-97,df_g-144,df_g-81,g_all_max_min_p,df_g-626,df_g-249,d_g-164,df_g-109,df_g-615,g-609,g-270,df_g-215,c_all_max_mad_d,g-183,df_g-736,g-65,df_g-411,g-156,df_g-657,d_c-18,df_g-187,c_min_skew_d,g_all_max_sum_p,df_g-558,df_g-621,g-208,df_g-314,g-465,d_g-639,d_g-639,df_g-88,df_g-538,g-500,df_g-283,g-409,g-308,g-669,df_g-249,c_all_min,g-434,c-76,df_c-71,g-208,g-108,g-512,g-20,g-132,g-130,clusters_df_c,df_g-47,df_c-69,g-123,g_all_max_sum_p,df_g-419,d_g-218,g-377,df_c_kurt_skew_d,g-661,df_g-22,df_c-21,g-603,df_c-42,c-25,g-170,df_g-755,g-708,g-714,g-121,g-182,df_g-349,d_g-164,g-214,g-251,df_g-500,g-201,g-724,g-379,df_g-347,clusters_c,g-291,df_g-92,g-411,g-152,g-58,df_g-522,g-238,g-241,g-530,d_g-9,df_g-251,df_g-338,df_g-23,cnt_2,g-359,df_g-420,g-468,d_g-168,g-276,cnt_1,df_g-163,g-654,g-711,g-522,df_g-124,g-189,df_g-192,df_c-44,g-357,df_g-691,cnt_1,clusters_df_c,df_g-466,d_g-352,df_g_max,g-653,d_g-294,df_g-552,g-491,df_g-396,g-162,g_min_sum_d,g-231,df_g-129,df_g-393,g_min_sum_d,g-226,df_g-362,g-270,df_g-245,g-569,g_all_max,df_g-716,g-36,g-117,c-0,g-91,df_g-182,g-178,d_g-333
d_g-232,d_g-423,g-30,df_g-473,df_c-18,df_c-4,d_g_min_sum_p,g-294,c-68,g-337,d_c-38,d_c_max_skew_d,g-678,g-372,c-29,df_g-228,d_c_min_kurt_d,df_g-482,df_g-454,df_g-105,g-69,c-30,g-592,c-50,df_g-698,d_g-510,df_c-81,df_g-645,g-737,df_g-697,c-50,c-61,g-743,g-647,g_all_max,df_c-44,df_g-586,df_c-32,g-433,df_c-14,g-521,df_g-386,df_g-657,d_c_max,g-491,g-304,d_c-18,df_g-113,g-385,df_g-55,g-691,g-14,g-214,g-401,g-297,c-89,df_g-675,cnt_1,g_all_kurt_skew_p,d_g-539,cnt_0,g-137,df_g-648,g-465,df_g-707,g-38,g-317,g-291,df_g-45,g-695,g-41,g-377,g_all_max_min_p,g-90,df_c-53,df_g-51,df_g-646,df_g-433,g-743,g-537,g-41,df_g-765,g-654,g-681,g-9,df_c-0,g-429,c_all_max_skew_d,df_g-22,g-596,g-58,df_g-309,d_g-674,g-130,g-351,d_g-443,g-708,df_g-495,g-231,df_g-467,cnt_2,g-231,g-252,g-712,df_g-53,cnt_2,g-48,d_g-144,d_g-242,g-565,df_c-64,df_c-15,g-635,df_g-44,g-436,d_g-242,c-1,df_c-90,g-491,g-156,g-375,df_c_kurt_skew_d,df_g-678,df_g-646,clusters_df_c,g-429,g-553,df_g-84,clusters_df_c,g-316,df_g-148,df_g-538,c_all_max_skew_d,g-116,df_g-566,g-615,g-166,c-76,g-290,c_min_kurt_d,g-238,g-90,d_g-312,d_g-370,df_g-209,df_g-51,g-48,c_all_max_skew_d,cnt_2,clusters_df_c,df_g-500,g-385,df_g-679,g-458,df_g-586,df_g-769,df_g-623,g-370,df_c_min,g-34,c-74,clusters_d_c,g-561,df_c-59,d_g-743,g-107,clusters_df_c,c_all_min_skew_d,df_g-459,g-91,d_g-159,df_g-494,df_g-695,df_g-660,g-31,df_g-78,g-591,g-234,d_g-74,df_g-439,d_g-159,df_g-597,df_g-707,df_g-237,df_g-18,df_g-567,g-411,df_g-741,df_g-114,g-357,g-207,g-543,g-499,df_g-454,df_g-640,df_g_max_skew_p,g_min_sum_p,g-287,df_c-67,g-405,g-377,d_g-743,df_c_max_mad_d,c_all_max,g-281,clusters_d_c
df_g-322,df_g-374,df_g-564,cnt_2,df_c-84,c-68,clusters_df_g,g-302,d_g-705,g-533,g-231,g-458,g-551,g-117,g-232,g-707,c_all_max,d_g_max_min_p,df_c-8,g-465,df_g-206,g-174,df_g-647,df_g-409,df_g-115,g_all_max,d_g-306,df_g-359,df_g-469,df_g-287,g-201,c_min_kurt_d,df_g-490,g-699,c-0,g-133,df_g-681,df_g-723,df_g-640,g-8,g-364,g-508,clusters_g,df_g-342,df_g-487,g-707,g-377,df_g-200,df_g-122,g-168,df_g-337,g-170,df_g-374,c-34,g-231,df_c_sum,df_g-46,df_c-15,df_g-572,df_c-62,g-645,df_g-589,g-498,g-620,g-436,g-422,g-130,d_c_kurt_skew_d,c_all_max_min_p,df_g-542,g-207,g-488,g-434,g-271,df_g-476,g-83,df_g-398,g-128,g-160,c-89,g-691,df_g-740,d_g-286,df_g-691,g-269,g-357,g-287,g-105,g-282,g-422,g-385,d_g-9,df_g-124,g-425,clusters_df_c,g-553,g-69,df_g-397,g-311,df_g-647,g-58,g-36,d_g-417,g-116,df_g-262,df_g-56,d_g-627,g-423,df_g-95,g-48,df_g-623,df_c-6,c_max_skew_d,g-602,c_all_min,g-648,g-123,g-38,g-271,d_c-51,g-244,g-337,df_g-212,d_g-743,g-242,c-45,g-53,g-180,g-558,g-390,cnt_2,df_g-370,g-56,g-409,df_g-252,df_g-163,c-80,d_g-510,df_g-500,df_g-716,g-558,df_g-263,g-500,df_g-304,g-350,g-376,df_g-741,df_g-580,g-70,d_g_sum,df_g-707,g-478,df_c-54,g-107,df_g-342,d_g_max_min_p,g-254,g-661,df_g-124,g-720,df_g-243,d_g-286,g-34,df_c_sum,df_g-626,df_g-608,d_g-525,df_g-716,df_g-22,df_g-283,df_g-247,g-242,clusters_g,g-663,c-16,g-755,d_c-46,g-764,df_g-235,df_c-0,df_g-406,g-174,clusters_df_c,c_kurt_skew_p,g-464,d_g-697,g-674,clusters_df_g,g-208,df_g-279,g-59,c_all_max_min_p,d_g-244,d_g-43,g-579,g-604,cnt_0,g-401,g-630,c-1,df_g-25,d_g-33,c-73,g_kurt_skew_p,g-325,df_g-393
g-629,df_g-404,df_g-611,df_g-27,df_c-83,df_g-199,df_g-640,df_g-370,g-558,g-160,df_g-370,df_g-542,df_g-417,g-520,df_c-93,df_g-575,d_g-69,df_g-707,df_g-438,df_g-531,df_g-520,cnt_2,clusters_d_c,df_g-439,df_g-646,df_g-597,d_c-40,df_g_max,c-80,d_g-639,df_g-678,g-190,df_g_max,g-572,c_min_skew_d,g-170,g-457,df_g-511,g-59,df_g-444,df_g-707,cnt_2,g-534,g-370,df_g-697,clusters_g,df_g-93,c-89,g-556,d_g-128,df_g-707,g-271,d_g-743,df_c-77,g-451,df_g-596,g-231,c-30,g-26,df_g-727,df_g-122,df_g-740,g-661,g-53,df_c-11,d_g-684,df_g-302,c_kurt_skew_p,d_g_max_min_p,df_g-220,g-231,g-414,df_g-327,g-421,g-325,g-287,clusters_df_g,df_g-206,df_g-322,g-146,g-500,df_g-454,df_g-542,df_g-663,g-464,g-424,g-34,d_g-5,g-30,d_c-51,g-422,df_g-439,df_g-674,df_g-3,g-748,g-402,g-269,d_c-38,g-309,df_g-454,g-182,g-546,df_c_kurt_skew_p,g-369,df_g-398,d_g-129,g-138,g-336,df_g-8,d_g_min_sum_p,df_g-566,df_g-331,g-449,df_g-72,g-269,df_g-438,d_c_min_kurt_d,g-208,g-763,d_g_min_sum_p,cnt_2,g-390,d_g-144,g_min_sum_d,df_g-638,g-693,g-326,g-636,g-180,d_c-46,df_g-212,df_g-546,d_g-639,c-1,c_all_kurt_skew_d,clusters_df_g,d_g_max_std_p,g-537,g-231,g-297,g-512,df_c-18,df_g-15,df_g-176,g-252,df_g-359,g-334,d_g-104,df_g-212,g-711,df_g-409,clusters_df_g,df_g-403,g-425,df_g-213,df_g-610,df_g-743,d_g-124,g-38,g-350,g-653,g-424,c_kurt_skew_p,df_c-44,df_g-640,g-269,g_all_min,g-65,df_c-93,g-395,df_g_max,g-763,df_g-55,df_g-676,df_g-469,clusters_d_c,df_g-370,c-50,df_g-360,g-615,g-548,g-707,df_g-104,d_g-370,df_g-33,d_g-128,g-763,g-464,g-724,g-323,df_g-8,d_g-104,g-244,clusters_g,df_g-366,d_c_min_skew_d,clusters_c_all,g-289,clusters_df_g,d_g-743,g-529,g-207,df_g-87,df_c-94,d_g-124,g-654
d_g-734,g-571,d_g-6,df_c-36,df_g-597,df_g-708,g-156,df_c_min,df_g-739,df_g-688,df_g-131,g-357,g-609,g-114,df_g-47,g-95,g-360,df_g-654,g_min_sum_d,df_c-19,df_g-304,d_g-697,g-143,g-521,df_g-712,g-196,df_c-0,df_g-370,c_all_min,df_c-51,df_c-16,df_g-623,g-603,g-646,g-132,g_kurt_skew_p,g-226,g-326,g-10,df_g-278,clusters_df_g,d_g-539,df_g_max,df_g-238,g-743,df_g-485,df_g-86,g-385,df_g-22,df_g-16,df_c-15,g-325,g-541,df_c-42,df_g-344,g-178,df_g-425,g-178,g-297,df_g-499,g-309,d_g-423,g-465,g-558,df_c-8,g-48,df_g-567,g-399,df_g-522,d_g-423,g-34,df_g-370,df_c_min,g-128,df_g-546,df_g-342,df_c_min,g-156,g_all_max_min_p,df_g-664,g-107,df_g-256,df_g-444,df_c-93,df_g_max,df_g-593,g-497,df_g-359,g-105,g-708,g-36,df_g-149,df_g-663,df_g-370,df_g-33,g-207,g-325,g-214,g-613,g-390,df_g-707,c-61,d_g-286,g-683,d_g_max_skew_p,df_g-550,g-379,g-458,df_g-500,g-763,d_g-705,c_all_min,df_g-150,g-546,g-234,g-522,d_c_max_kurt_d,g-546,c-1,g-201,df_g-261,df_g-674,d_g-314,g-470,df_g-495,df_g-209,g-254,g-357,clusters_g,df_g-80,df_g-739,c-34,g-429,df_c-76,df_g-670,df_g-741,c-94,df_g-338,df_c-35,df_g-465,df_c-81,d_g_min_sum_p,g-241,g-116,g-436,d_g_min_std_p,c-53,g-270,g-234,g-201,c-30,g-144,df_g_max,d_g-57,c-68,g-738,c_all_max_min_p,g-123,d_c-19,df_g-335,df_g-679,cnt_1,d_g-593,d_c-17,df_g-393,df_g-148,df_g-496,df_g-542,c_kurt_skew_p,df_c-20,df_c-88,g-183,df_g-144,df_c-58,g-297,df_g-264,df_c_min,df_g-757,g-9,g-707,g-604,g-470,g-553,df_g-676,g-69,df_g-122,g_all_min_kurt_p,df_g-589,g-114,df_g-707,c_all_max,df_g-330,d_c-76,g-635,g-512,g-743,df_g-72,g_all_max_skew_d,df_g-69,g-578,g-207,c-81,df_c-48,df_g-711,d_g-417,df_g-79
g-498,df_g-45,g-414,df_g-122,df_g-337,g-5,df_g-681,g-350,g-38,df_c-76,g_max,d_g_max_skew_p,df_g-14,df_g-636,df_g-731,g-689,g-90,clusters_d_c,df_g-675,g-737,g-232,g_all_max_min_p,df_g-15,g-389,g-309,g-674,c_kurt_skew_d,clusters_g,df_g-341,d_g-398,g-763,g-178,clusters_df_c,g-477,d_g_max_min_p,g-8,g-720,g-276,g-738,df_c-15,g-62,g-426,d_g-417,df_g-6,df_g-51,df_g-238,g-729,df_g-235,d_g-370,df_g-713,g-180,g-707,c-76,c-16,df_g-680,d_g_sum,g-409,df_g-547,df_g-454,d_g-405,df_c-15,df_g-370,df_g-564,g-369,df_g-531,g-546,df_g-306,g-70,g-244,c_max,g-379,df_g-182,g-231,d_g-57,df_g-648,df_g-78,d_g-349,d_g-767,df_g-14,g-385,c-83,g-183,g-390,df_g-664,g-281,g-194,g-558,df_g-638,d_g-429,g-636,d_g-57,g-14,df_g-743,c_all_min,g-201,g-276,g-254,df_g-168,g-299,df_g-741,g-707,d_g-684,df_g-304,g-8,d_g-159,df_c-63,g-671,d_g-639,d_g-352,g-13,d_g-164,g-391,d_g-74,c-74,g-164,g-160,df_g-338,d_g_kurt_skew_d,g-636,d_g_max_sum_p,g_all_max_skew_d,g-508,g-720,df_g-457,df_g-104,df_c_sum,g-533,g-155,df_g-35,clusters_d_c,g-370,df_g-22,g-65,c-80,g-13,df_g-519,c-17,g-707,df_g-740,g-425,d_g-281,c-1,g-653,df_g-521,df_g-527,df_g-113,c_all_min,df_g-602,g-395,d_g_min_sum_p,d_c_kurt_skew_d,c-18,df_c-46,d_g-189,g-441,df_g-258,df_g-379,df_c_min,g-683,df_g-206,g-360,g-350,df_g-386,c-85,df_c-81,d_g_max_min_p,d_c-66,df_g-444,d_g-5,g-603,g-379,g-323,d_g-639,d_g-57,clusters_c_all,g-553,d_g-531,g-336,clusters_g,g-421,df_g_max_min_p,g-178,df_g-181,g-746,df_g-632,d_g-684,g-254,df_g-396,g-210,d_g-613,g-323,df_g-214,df_g-166,g-495,g-290,g-156,g_sum,g_all_min_skew_d,df_g-45,g-558,g-201,g-194,df_c_sum,df_g-78,g-686,g-231
g-644,df_c-46,df_g-469,df_g-709,df_g-22,c-18,c_all_min,df_g-148,df_g-702,g-370,g-201,g-422,df_g-758,df_g-51,d_g-112,df_g-415,g-259,g-190,g_max_sum_d,df_g-464,d_c-15,df_g-199,g-337,g-137,g-357,df_g_max,df_c-38,d_g-728,g-137,d_g-69,g-592,df_g-605,g-313,df_c-76,c_max_skew_d,g_max_mad_d,g_all_max,df_g-411,g-91,df_g-171,g-572,g-763,g-351,c-45,df_c_kurt_skew_d,g-497,df_g-444,df_g-215,df_g-451,cnt_2,df_g-284,g-359,g-313,df_c-75,df_g-205,df_c-84,g-704,g-638,df_g-314,df_g-682,df_g-739,df_g-237,df_g-330,g-176,df_g-640,g-394,df_g-3,df_g-43,df_g-344,df_c-45,df_g-122,g-351,g-30,df_g-670,df_g_kurt_skew_d,g-57,cnt_2,g-62,d_g-423,g-636,g-441,d_g-527,g-491,d_g-684,g-499,g-164,g-113,g-693,df_g-25,d_g_max_sum_p,g-57,g-264,df_g-735,df_c-51,df_c-65,df_g-229,g-242,df_g-386,df_g-707,d_g_min_skew_d,g-678,c-39,df_g-70,g-394,df_g-457,clusters_g,d_g-668,c_all_max,g-54,g-311,g-638,c-90,g-394,df_c-78,g-350,df_g-104,df_c-11,g-468,g-128,d_g-95,d_c_max_kurt_d,df_g-657,g-323,df_g-118,df_g-583,d_g-429,g-699,clusters_d_c,df_c-17,df_c-81,d_g-683,df_g-562,g-291,df_g-248,df_g-469,c_max_kurt_p,d_g-168,g-421,df_c-65,d_g-67,d_g-762,df_g-654,g-521,df_g-267,df_g-148,g-738,g-451,df_c-44,d_g-256,d_g_max_sum_p,df_c-41,g-398,df_g-259,g-350,df_c-21,g_all_max_min_p,d_g_kurt_skew_d,g-55,df_c-62,g-271,df_g-47,g_min_kurt_p,df_g-707,df_c-65,g-699,df_g-46,df_g-755,g-464,clusters_df_g,c-12,g-180,g-290,df_g-335,df_c-51,g-20,g-290,g-663,d_g-525,g-174,d_g-129,df_g-227,df_g-451,g-67,g-96,df_g-51,c-30,df_g-306,df_g-155,g-34,df_g-315,g-512,d_g-754,c_min_kurt_d,d_g-23,g-58,d_c-84,df_g-301,c-74,df_g-754,c-81,df_g-487,g-763,g-540,df_c-77,g-689,c_all_max_kurt_d
g-530,df_g-129,d_g-309,df_c-8,df_c-49,df_g-69,df_g-655,df_g-599,df_g-735,df_g-104,df_g-595,g-9,d_c_min_sum_p,d_g-208,c-68,df_c-25,df_g-689,df_g-460,df_g-70,g-232,df_c-88,df_g-122,df_g-184,g-107,c-45,c-74,clusters_df_c,g-533,df_g-546,g-689,df_g-308,df_g-434,g-57,g-571,g-334,d_g-352,g-533,g-48,g-569,g-132,df_g-181,df_g-218,g-497,df_c_min,g_max,g-62,g-559,df_c-2,c_all_kurt_skew_d,clusters_g,df_c-36,d_g-232,g-763,d_g-401,g-269,g-729,c_all_min,g-128,df_g-118,g-561,df_g-133,df_c-14,g-90,g-683,clusters_d_c,g-350,df_g-593,df_g-714,g-377,df_g-176,g-299,df_g-341,df_g-101,d_g-429,d_g_max_min_p,c-53,df_g-118,g-218,df_g-259,g-156,g-33,df_g-222,g-712,df_g-654,g-282,d_g_min_skew_p,g-500,g-513,d_g-443,d_g-57,g-402,g-91,df_g-176,d_g-104,df_g-663,g-62,g-34,c-12,df_g-374,g-738,df_g-757,g-311,g-409,g-29,g-309,df_g-665,g-30,g-26,clusters_df_c,d_g-767,d_g-525,df_g-51,df_c-97,df_g-209,g_kurt_skew_p,df_c-16,g-546,c_all_max_skew_d,g-565,g-180,d_g-33,g-379,d_c_kurt_skew_p,df_g-648,g-190,df_c-79,d_c_min_std_p,g-351,df_g-370,d_g-128,g-491,df_c-8,g-680,g-456,c_all_max_skew_d,df_g-618,c-89,d_c-75,df_g-55,df_g-444,df_c-45,df_g-454,g-189,df_g-707,cnt_2,g-294,g-130,df_g-494,d_g-405,g-146,d_g-47,df_c-3,df_g-548,g-201,g_min_skew_p,d_g_max_sum_p,g-178,d_g-592,df_g-301,g-451,g-720,df_g-211,g-499,df_c-32,d_g-609,cnt_2,df_g-676,g-491,g-96,c-31,df_g-105,d_g_max_min_p,g-311,g-178,df_g-267,df_c-97,df_g-439,g-304,c-56,g-16,d_g-314,df_g-65,d_g-159,d_g_max_min_p,df_g-267,g-231,g-133,g-498,g-69,g-271,d_g-373,df_g-434,df_g-347,g-334,g-425,g-334,g-136,df_g-741,df_g-166,g-743,d_g-43,g-67,clusters_df_c,df_g-755,g-620,c_all_min_kurt_d
g-270,df_g-433,g_all_min_skew_d,c_all_min,g-711,g-269,g-182,g_min_kurt_p,g-231,g-369,df_g-734,g-117,df_g-245,d_g-639,df_g-314,df_g-139,df_g-707,d_g_max_skew_d,g-530,g-725,df_g-606,df_g-567,g-457,g-34,df_g-621,df_c-96,df_g-542,df_g-752,cnt_1,g-588,df_g-648,df_g-584,g-468,g-401,df_g-16,d_g-639,df_g-23,g-36,g-695,df_g-459,g-357,g-254,g-522,clusters_df_g,df_g-222,df_g-744,g-522,df_g-109,df_g_kurt_skew_p,df_c-49,df_g-478,d_g-256,g-609,c-73,df_g-408,df_g-737,g-137,d_g-294,g-180,c-50,g-53,g-178,df_g_max,g-491,clusters_g,g-604,df_g-553,cnt_1,df_g-148,df_g-150,g-643,df_g-337,g-297,d_g-198,df_g-144,df_g-379,d_g-683,g-519,c-29,df_g-677,g-379,df_g-205,df_c-62,df_g-150,g-8,df_g-683,df_c-78,df_g-678,g-477,g-57,c-68,df_g-339,df_g-596,df_g-678,df_g-671,d_g_max_min_p,g_all_max_mad_d,df_g-243,df_g-660,g-131,d_g_max_sum_p,clusters_g,df_g-144,df_g-133,df_c-48,df_c_min,g-427,d_g-684,c_max,g-522,g-117,d_g-510,g-689,d_g-443,df_c-37,g-24,df_g-46,g-271,cnt_2,df_g-558,df_g-267,df_c-76,g-357,g-426,df_g-362,df_g-478,c_min_kurt_p,d_g-535,df_g-139,df_g-483,df_g-711,g-452,df_g-271,g-443,g-637,df_g-478,df_c-78,g-620,df_g-78,df_g-601,c_all_max_std_d,d_g-6,df_c_min_sum_p,g-374,d_g-593,df_g-398,g-635,d_g-333,g-522,g-398,g-465,g-271,g_all_max_mad_d,g-543,g-712,df_c_min,df_c-79,df_c_min_kurt_d,g-533,g-114,c_all_max_kurt_d,d_g_min_sum_p,df_g-596,df_c-2,df_g-723,df_g-698,clusters_df_g,g-106,df_g-199,g-269,g-320,g-458,df_g-427,df_g-420,g-190,df_g-408,d_g-595,c-73,df_g-31,g-426,df_g-400,clusters_d_c,d_g-590,df_g-707,g-350,df_g-480,d_g-124,g-571,g-350,g-369,df_g-464,g-316,df_g-183,g-497,d_g-627,g-459,g-529,df_g-251,c_all_max,d_g-405,d_c-76,d_c-19,g-636,df_g-451,g-706,g-498
df_g-218,df_g-765,c-61,g-297,g-669,df_g-656,g-210,df_g-278,g-320,df_c_min,df_c-38,g-671,g-156,g-325,d_g-9,df_g-425,df_g-27,df_g-444,g-41,df_g-181,g_all_max,g-357,g-724,df_c-58,df_g-615,d_c_max_kurt_d,df_g-229,c-30,df_g-348,g-470,df_c-37,g-537,df_g-439,g-218,df_g-72,g_max_std_d,g-178,df_g-670,df_c_sum,df_g-658,df_g-48,g-164,df_g-675,d_g-558,g-106,df_g-400,g-705,c-68,df_c-56,g-201,g-65,g-336,df_g-44,df_g-200,df_g-144,df_g-220,g_all_max_sum_p,d_g-168,g-411,d_g-627,df_g-176,df_g-248,df_g-664,g-433,g-160,df_g-114,df_c-38,df_g-366,g-58,df_g-149,g-220,g-402,g-311,g-480,df_g-163,df_g-712,d_g-277,g-65,g-254,g-512,df_c-6,g-451,g-529,df_c-42,df_g-741,g-210,g-12,g-594,g-711,g-349,g-558,d_g_max_min_p,g-231,g-350,df_g-129,df_g-248,g_all_max,g-405,g-393,g-458,df_g-457,g-350,df_g-650,g-706,g-434,df_c_max_mad_d,c_all_max_kurt_d,g-707,df_g-214,g-512,g-497,df_g-605,df_c-12,df_g-612,g-34,g-183,g-166,clusters_d_c,g-512,g-244,d_g-244,df_g-275,df_g-213,df_c-48,g-334,g-669,d_g-743,df_g-18,df_c_min_kurt_d,df_g-335,g-561,df_g-101,d_g-668,d_g-443,df_g-461,c-50,df_c-14,df_g-12,df_g-671,cnt_2,g-128,c-61,df_g-22,g-522,df_g-651,g-449,g_max_sum_d,d_g-95,df_g-516,g-636,g-40,df_g-521,df_c-6,g-561,g-498,df_g-164,df_g-658,g-178,df_g-370,c-39,d_g_max_min_p,c-45,d_g-113,df_c-83,df_g-650,df_g-267,g-180,g-390,g-350,df_c-51,df_g-546,g-123,g-697,g-194,df_g_max_skew_p,c-8,df_g-104,g-680,df_g-417,g-637,df_g-262,df_c_min,df_c-49,df_g_max_kurt_p,df_g-69,g-132,g-683,df_g-697,g-128,df_g-655,df_c-14,df_g-33,df_g-305,df_g-640,g-20,df_g-654,df_g-311,g-764,df_c-88,g-411,g-707,d_g-766,df_c-51,cnt_1,g-282,df_c-49
g-146,df_g-88,df_g-271,df_g-677,df_g-439,g-459,c-84,d_g-458,df_g-84,g-705,df_g-93,d_c-51,df_g-716,g-183,df_g-482,d_g_sum,df_c-20,df_g-176,df_g-261,g-69,g-249,df_g-480,df_g-249,g-546,g-137,clusters_g,df_c-64,df_g-149,g-146,df_g-219,df_g-409,d_c_min_skew_p,df_g-438,df_g-554,g-302,df_g-283,g-281,df_g-564,df_c_min_sum_p,d_g-5,c_all_max_min_p,df_g-595,g-45,df_g-484,df_g-588,g-615,df_g-294,g-30,g-451,d_g-47,df_g-287,g-116,df_c-67,df_g-567,df_g-206,df_c-81,df_g-564,g-36,df_g-338,c_all_min_kurt_d,df_g_max_min_p,df_g-469,g-630,g-604,df_g-166,g-737,c-53,g-385,df_g-743,c_all_min,df_g-53,df_g-752,clusters_df_c,g-36,df_g-166,c-81,g-344,df_g-248,g-708,g-351,g-427,g-596,df_g-566,df_c_min_kurt_d,df_g-707,df_g-33,df_g-148,df_g-535,g-258,g-152,g-434,g-499,df_g-553,g-180,g-30,g-133,g-395,g-306,clusters_df_c,df_c-71,g-372,c-56,df_g-537,g-231,df_g-104,df_g-33,g_min_sum_d,g-711,df_c-77,g-138,g-252,g-603,g-210,df_g-466,df_g-667,df_g-623,g-12,df_g-27,g-609,c_all_min_kurt_p,g-210,g-170,c_all_max_skew_d,df_g-632,df_g-89,df_g-3,d_c_min_mad_p,df_c-6,d_c-17,df_g-350,g-683,df_g-140,g-452,g-551,df_g-176,df_c-46,df_c-89,d_g-454,g-680,clusters_df_c,d_c_max_std_d,df_g-664,g-591,g-48,df_g-248,df_g-12,g-33,df_g_kurt_skew_d,g-407,g-138,g-409,d_g-84,df_g-715,g-231,df_c-49,df_g-707,df_c-21,c_min_kurt_d,g-178,g-635,g-162,df_g-553,df_g-494,c-31,g-176,df_g-715,g-459,df_g-124,g-55,g-334,df_g-454,d_g-684,d_g-243,c-28,g-559,df_g-627,g-458,c-84,df_g-696,df_g-618,cnt_0,df_g-306,g-726,df_g-220,df_g-301,c-80,g-65,g-669,g-743,df_g-70,df_g-454,df_g-711,df_g-132,g-170,g-166,g_all_max_sum_p,g_max_sum_p,df_g-228,g-553,g-162,g-488,g-329,g-351,cnt_2,d_g-84,d_g-480
g-604,d_g_max_skew_p,df_g-676,df_g-209,d_g-208,clusters_df_c,df_g-164,df_c-49,df_g-267,d_g_max_min_p,cnt_0,c_min_mad_d,d_c_max_sum_p,c-17,df_g-716,d_g-13,df_g-438,c_all_max_min_p,g-258,df_g-623,df_c-63,g-681,df_g-308,d_g_min_sum_p,g-564,d_g-558,df_c-66,g-62,df_g-133,c_all_kurt_skew_d,g-38,cnt_2,g-183,g-183,g-681,df_g-723,g-422,g_all_max_kurt_d,df_c_max_sum_p,df_g-8,df_g-479,d_g-754,g-669,c-50,df_g-23,g-207,df_g-723,g-520,g-763,g-329,g-661,c_all_max_skew_d,g-38,df_c-56,g-512,d_g-159,d_g-766,df_g-241,df_g-597,g-36,g-62,g-341,g-379,g-282,c-45,g_min_std_d,df_g-589,df_g-584,c-50,g-429,g-10,df_g-637,df_g-51,df_g-711,d_g-767,df_g-466,df_g-6,df_g-333,df_g-104,df_g-599,g-123,df_c-16,g-254,g-231,df_g-602,g-156,g-669,clusters_g,c_max_skew_d,g-231,g-350,df_g-387,df_g-560,df_c_min_kurt_d,df_c-97,df_c-96,df_g-689,df_g-263,g-38,clusters_g,g-424,g-164,g-214,d_g-683,df_g-546,d_g-525,c-1,g-391,g-24,g-620,df_c-6,g-178,df_g-734,df_g-511,d_c-18,g-704,df_g-221,d_g-550,g-29,d_g_sum,g_all_min_skew_d,c_all_min,g-218,df_c-36,df_g-611,g-350,df_c-65,g-441,clusters_c_all,g-121,df_g-279,g-97,df_g-723,df_g-70,df_c_min,g-441,g-464,df_g-550,g-344,g-226,df_g-720,df_c-58,df_g-140,df_g-155,c_all_max_min_p,df_g-370,d_g-639,df_g-723,g-241,g_all_min_mad_d,g-427,d_c-18,g-130,g-229,df_g-461,df_g-14,df_g-275,df_g-192,df_g-183,df_g-743,g-630,df_g-709,df_g-711,df_c-31,df_c-76,d_g-558,g-644,df_g-739,d_c-97,g-190,d_g-743,g-680,d_g_max_min_p,g-558,d_g-345,df_g-35,df_g-244,g-457,df_g-397,df_g-110,g-357,d_g-684,df_g-681,df_g-474,df_g-452,g-464,df_g-466,df_c-21,g-281,df_g-640,g-20,g_all_kurt_skew_p,df_g-237,g-689,df_g-15,df_g-743,df_g-555,g-10,df_c-25,g-385,c-30,g-661,g-133,df_c-6,g-70,df_g-716
g-364,df_g_kurt_skew_d,g-70,d_g_max_sum_p,g-372,df_g-404,df_g-200,g-533,g-325,clusters_g,g-414,g-699,g-594,df_g-575,g-317,df_g-459,df_g-433,d_g-527,df_g-155,g-556,g-661,g-152,c-89,g-457,c_all_min,c_max_kurt_d,df_g_max,g_max,df_c-37,df_g_kurt_skew_d,g-323,d_g-539,df_g-331,d_g-164,g-608,g-427,df_c-69,g-74,c-50,df_g-265,df_g-46,g-594,g-328,g-247,g-738,g-470,d_g-168,g-411,d_c-91,g-170,g_all_min,g-176,clusters_c,df_g-263,df_g-370,g-374,d_c_kurt_skew_d,df_c-89,d_c-83,d_g-139,g-693,df_g-605,g-218,g-712,df_g-522,g-91,g-707,c-73,df_c_kurt_skew_p,df_c-79,g-671,df_g-674,df_c-79,g-57,df_g-322,df_g-54,df_g-714,g-323,g-302,c-84,g-48,df_g-746,g-669,df_g-638,df_g-330,g-764,c-31,df_g-387,df_g_kurt_skew_d,g-669,g-764,df_g-611,g-310,c-30,g-105,d_g-119,g_max_std_d,df_g-567,g-414,g-270,df_g-182,g-189,df_g-623,g_min_sum_d,d_c-40,d_g-586,df_g-671,d_g-208,df_g-433,g-480,g-36,df_g-206,g-108,df_g-149,df_c-16,df_g-373,df_g-333,df_c-35,df_g-271,g_all_min_mad_d,df_g-168,g-681,df_g-187,df_g-714,c-28,g-156,g_all_max_min_p,g-57,df_c_min,d_g-113,df_g-438,d_c_max_kurt_d,g-635,g-602,df_g-707,g-311,g-706,df_g-691,df_g-553,d_g-352,c_all_max_mad_d,g-674,g-182,g-394,g-155,df_g_max,g-398,g-644,g-620,g-156,df_g-753,df_g-344,g-695,g-48,d_g-95,d_g_sum,df_c-2,df_g-386,df_c-46,clusters_g,d_g-370,g-604,cnt_2,c-83,df_c-38,df_g-411,g-69,clusters_c,g-252,g_all_max_mad_d,df_c-90,g-59,df_g-8,g-711,df_g-571,df_g-304,g-226,c-61,df_g-370,d_c-19,df_g-35,d_c_min_mad_d,g-377,df_g-245,c_all_max,df_g-362,g-650,clusters_df_c,g-711,df_g-301,d_g-309,df_c-21,g-97,df_g-479,g-231,df_g-427,df_g-602,g-50,df_g-562,g-441,g-229,g-70,d_g_min_std_d,df_g-596,g-33,g-304
df_g-211,df_g-309,df_g-308,df_g-94,df_g-238,c_all_min,df_g-596,g-214,d_g-743,g-379,df_g-72,g-358,g-697,g-208,g-428,df_g-466,g-409,c_max_kurt_d,df_g-718,d_g-43,df_g-638,df_g-707,df_g-479,df_g-567,df_g-79,c_min_skew_d,c-78,g-635,g-30,df_g-691,g-375,df_g-179,g-358,df_g-464,g-287,d_c-51,g-56,g_all_min_mad_d,g-57,g-449,g-208,g-521,df_g-166,d_g_max_min_p,g-96,df_g-417,df_g-542,df_g-528,g-143,df_g-104,g-653,g-405,c-25,df_g-423,g-58,g-143,df_g-595,clusters_df_g,g-349,g_all_min_kurt_d,g-441,c-17,d_g-95,g-295,df_g-483,g-50,c_all_max_skew_d,clusters_df_g,df_g-33,df_g-333,df_g-69,df_g-344,df_g-72,g-65,df_g-5,d_g-57,df_g-320,g-385,df_c-81,df_g-485,g-385,df_c-96,df_g-621,df_c-32,df_g-519,g-576,d_g-429,df_g-608,df_g-680,g_all_max_mad_d,d_g-697,d_g-69,df_c-59,g-680,df_g-474,g-558,g-170,d_g_max_min_p,g-208,df_g-78,g-429,d_c-91,g-326,g-743,g-20,df_g-640,c-68,c-25,df_g-69,g-724,d_g-6,df_g-580,g_min_sum_d,g-29,g-29,df_g_max,g_all_max_sum_p,df_g-618,g-229,g-144,df_g-232,g-464,df_g-79,g-451,g-107,df_c-6,c-73,g-522,d_g-232,df_g-621,d_g-510,df_g-691,c_all_kurt_skew_d,g-180,g-328,g-106,g-294,df_g-589,g-69,g-458,g-143,df_g-562,c-12,g-533,df_g-115,g-62,d_g-112,c_all_max_min_p,g-287,g-500,c-73,df_g-714,d_g-129,g-428,g-287,df_g-681,c_all_max_skew_d,df_g-379,cnt_1,g-207,g-576,df_g-504,df_g-271,g-166,df_g-667,g-429,df_g-647,d_c_min_skew_d,df_g-556,g-152,g-602,g-178,d_g-535,g-443,g-564,g-423,df_g-582,df_g-443,df_c-77,d_c_kurt_skew_d,df_g-338,df_g-537,df_g-87,g-117,c-94,cnt_2,df_c-37,d_c_max_kurt_d,g-218,g-97,df_g-523,df_g-499,df_g-211,g-370,df_g-406,d_g-309,df_g-302,df_g-95,g-276,g-500,g-178,g-650,g-317,df_g-624,g-374,g-117
g-369,df_g-658,g-572,df_g-374,df_c-38,g-521,df_g_kurt_skew_p,df_g-400,df_g-154,c_all_min,df_c-65,g-106,df_g-461,g-441,g-9,g-604,g-596,g-465,g-341,df_g-253,df_g-765,g-210,clusters_g,df_c_kurt_skew_p,df_g-627,g-650,g-372,df_g-543,g-59,df_g-153,df_g-657,g-540,df_g-538,df_g-259,g-207,c-8,g-33,g-638,g-65,d_g-593,g-108,df_g-66,df_g-646,df_g-406,df_g-205,d_g-124,c_all_max_min_p,clusters_c_all,g-304,g-620,d_g-128,d_g-480,df_g-593,g-462,df_g-69,c-12,df_g-536,g-50,d_g-74,df_g-665,df_g-131,clusters_df_g,d_g-218,df_g-432,d_g-84,d_g-345,df_g-769,df_g-104,df_g-609,g-394,g-50,c-83,c_all_min_kurt_p,df_g-229,c-89,g-468,g-350,g-390,df_g-537,g-411,g-522,g-182,df_g-739,g-238,g-178,df_c-36,g-529,g-683,g-708,c-1,g-241,g-9,g-41,df_c-1,df_g-26,g-522,g_max_kurt_p,df_g-527,g-33,g-30,d_c_max_mad_p,df_g-209,df_g-176,g-459,c-31,clusters_d_c,g-375,df_g-423,df_c_min,df_g-22,c-80,g-350,g-74,df_g-387,c-29,d_g-405,g-290,d_g-81,df_c-1,g-146,df_g-678,df_g-596,d_g-480,g-254,df_g-232,df_g-228,g-325,df_g-308,g-357,c_max_skew_d,d_g-159,g-264,g-36,g-543,df_g-183,cnt_2,df_g-168,df_g-739,g-314,c_all_min,c_kurt_skew_d,d_c_kurt_skew_d,g-26,g-210,df_c-81,c_max_kurt_d,df_g-181,g-138,g-178,g-512,df_g-427,df_g-755,g-434,g-313,d_g-525,d_g-104,c-30,g-241,g-105,df_g-248,g-508,g-732,d_g-74,g-208,g-725,d_c_max_kurt_d,d_g-345,g-669,df_g-765,g-350,c_max_skew_d,g-113,df_c-8,c-89,g-417,df_g-698,df_c-89,g-608,g-705,df_g-324,df_g-87,d_g-570,df_g-664,df_g-213,df_g-544,g-436,g-764,df_g-538,g-691,g-449,df_g-623,clusters_d_c,df_c_max_mad_d,g-258,g-133,df_g-647,df_g-46,df_c-45,g-681,g-576,df_g-707,df_g-220,g-390,df_c-66,df_g-744,df_g-80
d_g-370,df_c-15,clusters_g,df_c_min,g-514,df_c-77,df_c_min_kurt_d,df_g-469,g-201,df_g-72,g-91,g-234,g-638,g-62,c-25,g-543,df_g-69,c-18,df_g-658,g-707,c_all_max,c-80,g-425,df_g-43,g-218,df_g-404,df_g-564,df_c-46,df_c_min_kurt_d,df_g-562,d_g-697,g-146,df_g-275,df_g-48,c_kurt_skew_d,c_all_max_sum_p,g-299,df_g-347,g-438,g-422,g-232,d_g-208,g-457,df_g-421,df_g-744,df_c_min_std_d,g-128,g-636,g_kurt_skew_p,g-146,df_g-593,d_g-104,df_g-211,df_c-84,g-499,g-34,df_g-5,df_c-39,df_g-599,g-385,c-90,df_g-528,clusters_g,g-48,c-25,df_g-627,df_c-0,df_g-608,df_c_min,df_c-64,df_g-176,df_c-46,g-708,g-58,g-5,d_g-198,g-97,g-91,g-351,c_max_kurt_d,g-553,df_c-68,g-464,df_g-35,df_g-139,g-289,c_all_min,df_g-460,df_g-88,d_g_max_std_p,df_g-670,df_g-163,df_g-546,df_g-627,df_c_min,df_g-149,g_all_max_kurt_d,g-707,df_g-176,df_g-723,g-69,g-344,d_c_max,g-259,cp_dose,df_g-483,g-33,g-108,df_g-650,g_kurt_skew_p,g-738,d_g-13,g-45,g-34,g-208,g-45,clusters_df_c,df_g-104,g-341,d_g-57,df_g-754,c-53,df_g-736,g-390,g-108,df_g-35,c_max_min_p,d_g-119,df_g-46,df_g-737,clusters_c_all,g-737,df_g-265,g-705,df_g-15,g-370,df_c_sum,d_g-208,g-5,g-168,df_g-14,df_g-104,g-336,df_g-411,g-242,df_g-65,g-20,df_c-88,c_all_min,g-635,df_g-325,df_c-65,df_g-677,df_g-51,df_g-179,df_g-220,c_all_min,d_g-279,df_g-696,df_g-597,c_all_min,c_max_kurt_d,df_g-399,df_c-16,cp_dose,g-689,df_g-547,df_g-342,d_c_min_std_p,df_c-1,g-178,g-520,g-8,df_g-84,g-207,df_g-671,df_g-707,df_c-25,d_c-97,g-189,g-669,g-399,df_g-349,g-414,df_c-81,df_c-69,g-143,g-155,g-20,g-441,g-421,df_g-448,df_g-6,d_g_max_skew_d,g-254,g-678,df_c-42,d_g_kurt_skew_d,df_c-14,g-128,df_g-686,g_all_max,d_c_min_std_p,clusters_df_g,df_g-8,d_g-208
df_g-253,df_g-182,df_g-688,g-91,g-313,df_g-707,df_g-13,df_g-681,g-689,df_c-45,df_g-731,df_g-283,df_c-45,g-128,g-97,d_g_max_sum_p,df_g-605,df_g-612,g-379,g-738,g-152,g-689,g-465,g-608,df_g-199,df_g-413,df_g-267,df_c-19,g-96,df_c-42,df_g-605,df_g-682,g-69,c-16,df_g-679,g-738,df_g-476,df_g-227,g-597,df_g-133,g-398,df_g-415,df_c_min_kurt_d,df_g-65,cnt_1,g-643,g-108,df_g-595,df_g-555,c-39,df_g-561,df_g-562,g-512,c-30,df_g-610,df_g-344,df_g-622,df_g-496,d_g-454,d_g-510,d_g-613,df_g-546,g-178,g-553,g-16,df_g-342,df_g-426,df_c-69,df_c-32,df_g-682,g-436,g-196,df_g-713,g-724,df_g-511,g_all_min_mad_d,clusters_c_all,df_g-575,df_c-90,df_g-554,g-443,df_c-21,df_g-66,df_g-94,df_g-370,d_g_max_skew_p,df_g-740,df_g-13,g-680,g-146,g-394,clusters_d_c,df_c-21,g-152,g-711,df_c-84,g-164,df_g-714,d_g-478,g-304,clusters_c_all,df_g-199,g-208,g-309,g-59,df_g-596,g-395,g-377,df_g-490,g-689,df_g-704,g-281,g-271,g-488,g-504,df_g-301,df_g-714,d_g-74,g-414,g-138,df_g_min_skew_d,df_g-611,d_g-198,g-707,g-317,g-424,df_g-386,g-385,g-491,g-428,df_c-89,g-121,g-271,g-689,c-85,d_c-19,df_g_max_sum_p,g-407,df_g-766,df_g-46,g-436,df_g-3,df_g-33,g-291,g-725,g-116,g-65,g-376,g-402,g-708,g-357,g-91,d_g-352,g-131,df_g-53,g-372,c_all_min_skew_d,d_c-41,df_g-279,g-569,d_g-637,g-569,df_c_min_mad_d,df_c-42,g-686,d_g-767,g-438,g-529,cp_dose,d_c-19,df_g-562,df_g-638,g-243,df_g-594,g-434,df_g-535,c_all_max_min_p,g-106,df_g-541,df_g-586,d_g-613,df_g-572,g-497,df_c-8,g-138,g-357,g-201,g_max_sum_d,g-58,d_c_min_skew_d,df_g-140,g-370,g-537,g-462,d_g_max_min_p,df_g_kurt_skew_d,clusters_c,g-218,df_g-148,df_g-482,g-468,d_g-676,g-603,df_g-591,df_g-683,df_c-58
g-393,df_g-397,g-351,df_g-736,df_g-655,g-313,g_all_max_min_p,df_g-294,d_g-504,df_c-31,df_g-241,d_g-535,c-39,g-635,df_g-205,df_g-235,df_g-149,g-707,df_g-212,d_g-712,g-241,g-231,d_g-161,g-405,d_g-373,d_g-674,g-719,g-108,g-114,df_g-736,df_c-4,g-269,g-457,g-96,g-379,df_c_min_sum_p,d_g-104,df_c-66,g-231,df_g-500,g-624,df_c_kurt_skew_p,d_g-23,g-69,df_g-599,g-344,d_g-676,g-329,cnt_2,df_g-314,df_g-181,d_g-668,df_c_min,g-12,g-137,g-594,g-369,g-61,df_g-558,df_c-89,c-18,df_g-609,g-137,df_c_min_kurt_d,df_g-95,c-34,g-178,df_g-396,df_c-62,df_g-187,df_g-627,df_g-15,g-712,df_g-480,d_g-478,d_g-767,c_min_kurt_d,g-164,g-686,df_g-419,d_g-443,df_g-122,c_max,df_g-645,df_g-220,g-594,g-602,df_g-47,g-443,g-201,g-62,g-337,g-427,g-131,df_g-181,g-565,g-451,df_g-105,cnt_1,d_g_kurt,df_g-275,g-504,df_g-432,g-704,df_g-696,g-178,g-578,g-394,df_g-755,d_c-40,g-313,d_g_max_min_p,df_c-11,df_c-14,d_g_min_skew_d,df_c-37,df_g-538,g-405,df_g-656,g-152,df_g-582,c_min_kurt_d,g-470,df_g-609,df_g-740,df_g-52,g_all_min_mad_d,g-271,df_g-265,df_c_kurt_skew_p,df_g-549,df_g-301,g-152,g-720,cnt_0,g-316,df_c-83,g-161,g-107,g-401,d_g-352,df_g-222,df_g-756,clusters_df_c,g-464,d_g-370,g-58,df_g-700,df_g-262,d_g-592,g-572,clusters_d_c,g-156,g-14,g-558,g-220,df_c-15,df_g-500,g-707,c-28,g-16,df_g-244,df_g-571,g-349,d_g-639,g-45,df_g-325,df_g-550,d_g-112,g_all_max_min_p,d_g_max_min_p,g-500,df_g-465,g-325,df_g-366,df_g-184,df_g-111,df_g-200,g-45,df_g-591,g-30,df_g-712,g-478,d_g-570,df_g-656,g-480,d_g-57,df_g-464,g-176,df_g-482,df_c-88,df_g-695,d_c_min_kurt_d,g-646,df_g-407,g-438,g-152,df_g-534,df_g-647,g-218,g-180,d_g-286,g-114,df_g-390,g-194,c-39
g-491,df_g-474,df_g-474,d_g_sum,g-128,g-426,d_g-23,d_g-641,g-376,df_g-131,d_g-189,g-180,df_g-346,g-238,df_g-92,df_c-87,g-608,g-500,df_g-484,df_g-109,df_g-331,g-29,g-733,d_g-373,df_g-311,df_g-656,df_g-122,g-636,df_c-1,df_g-80,d_g-84,df_c-6,df_g-739,g-226,df_c-25,g_all_max_sum_p,df_g-739,df_g-25,g-207,df_g-707,df_g-740,g-514,c-80,df_g-671,df_g-737,g-582,g-714,df_g-9,g-107,df_g-199,df_g-330,g-311,c-45,d_g-244,df_g-754,df_g-275,df_g-612,df_g-448,df_c-68,g_min,df_g-421,clusters_df_c,d_g_max_min_p,g-304,df_g-206,g-90,g-91,d_c_min_sum_p,df_c-54,clusters_c,d_g-639,df_c-18,df_g-707,df_g-423,g-686,c-45,clusters_c,df_g-553,g-178,g-499,df_c-14,df_g-284,df_g-711,g-395,cnt_2,g-478,df_g-429,df_g-104,d_g-113,d_c-91,df_g-656,df_g-546,df_g-339,df_g-478,df_g-378,g-57,c-53,g-269,clusters_df_g,g-314,df_g-487,g-117,g-653,g-512,df_g-294,df_g-387,d_g-352,df_g-337,g-370,d_g-13,g-133,g-12,df_g-522,c_min_kurt_d,g_max_skew_p,c_min_kurt_d,df_g-311,clusters_df_g,g_all_min,d_g-767,d_c-38,df_g-593,g-29,df_g-599,c_all_max_min_p,g-681,c-76,c-39,c_all_kurt_skew_d,clusters_g,df_g-150,df_g-499,df_g-621,g-162,df_g-284,df_g-646,df_c-16,df_c-59,df_g-719,c-76,g-720,df_g-149,df_g-411,g-596,df_g-132,g-648,df_g-338,df_g-294,g-270,df_g-48,d_g-590,g-491,c-29,df_g-744,c-25,df_g-43,d_c_min_kurt_d,d_g-477,df_g-220,df_g-51,d_g-236,d_g_max_min_p,g-95,df_c-89,df_g-374,g-128,df_g-743,g_all_max,df_g-374,df_c-12,df_g-704,g-733,g-357,g-636,d_g-164,df_g-754,df_c-20,df_g-3,g-452,g-309,g_all_max_min_p,d_c_min_std_d,g-389,df_g-379,g-522,d_g-480,df_g-122,df_g-531,g-336,df_g-212,df_g-370,df_g-148,df_g-656,df_c-63,c_all_min_kurt_d,df_g-588,g-660,g_all_max_mad_d,df_g-553,d_g-312,df_g-421,df_g_max,g-207,d_g_min_sum_p,g-90,df_g-308
g-351,g-462,df_g-571,d_g-245,g-497,d_g-104,df_g-184,g-107,g-504,g-178,df_g-44,c_min_kurt_d,g-295,g-176,g_all_max_skew_d,df_g-589,df_g-522,df_g-543,g-569,df_g-370,d_g-668,g-229,df_c-0,df_g-406,g-180,c_min_kurt_d,df_g-680,df_c-87,d_g-550,g-457,g-390,df_g-104,d_g-13,df_g-609,g-269,df_g-443,df_g-420,df_g-461,d_g-57,df_g-337,df_g-124,g-24,g-707,df_c-67,c_kurt_skew_p,df_g-86,g-720,d_g-43,d_g-312,df_g-484,df_g-105,df_g-8,df_g-149,df_g-561,c-28,g-24,g-323,df_g-218,df_g-427,d_g-13,g-201,g-329,df_g-114,g-36,g-708,g-41,df_g-678,df_g-677,g-308,d_g-352,df_g-646,g-189,d_g-159,df_g-181,g-143,g-54,c_all_min,g-58,g_all_min,d_g-613,g-143,c_all_min,df_c-89,c_all_min,d_g-9,df_g-26,d_g-504,df_c-76,g-183,d_g_sum,d_g-767,g-643,g-689,df_c-29,g-166,g-443,g-50,c-53,g-553,df_g-695,df_g-301,g-724,clusters_d_c,g-252,g-729,df_g-51,df_g-379,g-697,g-689,g-405,df_g-164,df_g-575,g-29,c-8,df_g-496,d_g_min_std_d,g-302,g-613,df_g-330,df_g-680,g-271,d_g-277,g_all_max,df_g-443,df_g-432,g_all_min_skew_d,c_max_skew_d,d_g-613,df_g-538,d_g-550,df_g-124,df_g-220,g-29,g-743,d_g_max_std_p,g-178,c-83,d_g-232,df_g-633,g-83,df_c-38,df_c-48,df_g-611,df_g-421,df_g-31,df_c-49,g-34,g-238,d_c_max,g-190,d_g_min_sum_p,df_g-229,d_c_max_kurt_d,g-671,df_g-12,g-703,g-638,df_g-623,df_g-562,g-336,g-108,g-62,df_c-32,g-168,df_g-465,g-459,df_g-350,g-232,df_g-549,d_g-674,d_c_min_std_d,g-376,df_c-87,df_c-4,df_g-752,df_g-338,c_all_max_skew_p,df_c-79,c_all_min,df_g-711,df_g-514,d_g-352,df_g-741,df_g-81,df_c-44,df_g-344,g_min_sum_d,g-695,g-359,g-613,g-36,df_g-754,df_g-658,df_c_min_kurt_d,c_all_max_kurt_d,df_g-330,df_g-183,df_g_max_skew_d,df_c-44,d_c-81,df_g-54,df_g-473,g-178,g-762,g-48,df_g-496
g-105,g-512,g-534,c-28,df_c_kurt_skew_p,g-131,df_c_min,df_g-396,df_g-464,d_c-40,g-370,g-34,df_g-753,df_g-350,d_g-243,g-738,clusters_g,df_c-15,d_g-312,df_g-629,g-121,df_c-6,d_c_min_kurt_d,df_g-6,df_g-103,d_c_min_kurt_d,c_max_skew_d,df_g-341,df_g-467,df_g-333,df_g-109,clusters_df_c,df_g-581,df_g-581,g-497,df_g-235,c-73,df_g-400,g-258,df_g_max,df_g-519,df_c_min_kurt_p,df_g-769,df_g-521,clusters_c,df_g-265,g-602,df_g-347,g-635,df_g-723,df_c-84,c_all_min_skew_d,g-546,g-231,g-281,d_g-370,d_c_min_skew_d,g-218,df_g-707,df_g-362,df_g-328,g-436,d_g-69,g-174,g-714,df_g-522,d_g-527,g-59,d_g-104,c_all_min_sum_p,g_all_max,df_c-77,g-715,g_all_max,g-269,df_g-397,g-131,g-350,df_g-707,d_g-57,c-41,g-379,df_g-660,g-218,g_all_max_skew_d,g-457,g-229,df_g-118,df_g-12,g-711,g-608,df_g-421,g-422,g-390,df_c-69,g-38,g-252,d_g-405,g-534,df_g-537,df_g-215,g-207,cp_dose,d_g-705,g-67,df_g-315,g-441,df_c-68,df_g-592,g-36,g-533,g_all_max_kurt_p,g-30,g-689,g-671,g-544,df_g-504,g_all_max,g-737,d_g-429,df_g-708,df_g-566,g-422,g-357,g-5,g-604,c-68,g-231,df_g-52,g-449,df_g-688,clusters_df_c,g-344,df_g-664,d_g-47,g_all_max,df_c-59,df_g-527,c_max_kurt_d,df_c_min_kurt_d,g-423,g_all_max_skew_p,g-143,d_c_max_kurt_d,df_g-302,g-596,df_c-65,df_g-425,d_g-69,g_all_max_mad_d,df_g-457,df_g-543,g_kurt_skew_p,g-748,g-499,g-715,cp_time,df_g-47,df_c-79,d_c_min_kurt_d,df_g-335,d_g_sum,g-131,c-90,d_g_max_min_p,d_g_sum,d_g-13,df_g-541,g-210,g-674,df_g-359,c_all_max_min_p,d_g-697,g-53,df_c-11,df_g-423,d_g-527,df_g-755,g-170,g-644,df_g-647,g-65,g-689,g-162,df_g-17,df_g-28,g-394,df_g-27,d_g-743,c_min_skew_d,g-276,df_g-324,g-252,g-478,g-69,d_g-104,df_g-315,df_g-652,df_g-339,g-304,df_g-734,df_g-81,d_g-312,g-328,d_g-33,df_c-62
df_c-41,c_all_max,df_c-53,c-73,d_g-236,df_g-552,g-663,df_c-3,d_g-333,cp_time,g-13,g-436,g-218,d_g-443,g-671,g-271,g-338,g-385,g-155,df_g-8,df_g-359,g-480,g-671,df_c-8,g-572,d_g-294,df_g-638,g-146,g-738,g-182,df_g-737,d_g_max_min_p,d_g-23,df_g-148,df_g-305,df_g-25,df_g-484,df_g-542,g-508,g-231,df_g-473,g-390,df_c-46,d_c_max_std_d,g-26,c_all_min,d_g_max_min_p,d_c_kurt_skew_d,g-422,g-707,df_g-618,df_g-360,df_g-723,c-50,c_all_min,g-132,g-707,g-130,df_g-469,c_all_max_kurt_d,g-266,df_c_min_std_d,df_g-15,df_g-179,d_g-312,g-214,df_g-731,g-146,df_g-370,df_g-71,d_g-277,df_g-70,df_g-88,df_g-566,g-376,g-708,df_g-114,g-34,df_g-682,g-637,d_g-639,df_g-184,df_g-541,g-350,df_g-754,g-615,df_g-164,d_g-535,df_c-87,g-733,g-338,d_g-349,df_g-683,df_g-638,g-654,df_g-390,g_max_mad_d,g-613,c_all_max_std_d,g-50,df_g-623,g-33,d_g-208,g-424,clusters_g,df_c_max_std_d,df_g-564,d_g-67,df_g-769,c-29,d_g-352,df_g-245,df_g-182,clusters_g,df_g-541,df_c-79,df_g-243,d_g_max_min_p,df_g-69,g-636,df_g_max,g-309,d_g-164,g-594,df_g-12,df_c-93,g-707,g-556,df_c-45,df_g-279,df_g-446,df_g-443,g-712,df_c-31,g-351,g-196,g-522,g-208,df_g-660,g-546,df_g-522,df_g_min_skew_p,g-238,df_g-366,df_g-104,df_c-2,g-337,df_g-72,d_c_max_mad_p,df_c-51,df_c-14,g_min,g-691,df_g-390,g-428,g_min_sum_d,g-693,c-11,df_g-708,c-34,g-271,df_g-275,df_g-473,df_c-75,df_g-3,g-424,g-231,g-254,d_c-15,c_max_min_p,g-349,df_g-359,g-156,df_c-37,d_g-405,df_g-330,df_g-499,g-20,d_g-243,df_c-49,g-299,df_c-69,df_g-72,g-612,d_g-443,df_g-350,g-57,g-653,g-674,g-180,c-56,df_g-104,df_c-58,g-90,g-724,c-94,d_g_max_sum_p,g-704,g-176,g-379,g-152,g-689,g-707,g-596,d_c-18,df_g-504
c_max_kurt_p,d_g_max_sum_p,clusters_df_g,df_g-104,c-74,g-48,g-338,df_g-500,g-417,g-309,clusters_df_c,g-144,df_g-200,df_g-670,df_c-45,df_g-46,cnt_1,df_g-400,g-456,g-30,d_g-256,g-488,df_g-22,df_g-541,df_g-451,df_g-723,df_g-401,d_g-333,df_g-222,g-555,g-13,d_g-734,df_g-28,g-176,df_g-52,g-189,g-558,g-704,g-534,g-341,df_g-575,g-451,g-683,g-533,d_g-189,df_g-48,df_g-754,df_c-15,d_g-352,clusters_df_g,g-533,g-295,g-107,g-295,g-252,d_g-535,df_g-370,g-755,g-597,d_g-112,g-24,g-398,df_g-133,g-70,g-548,g-210,g-350,df_g-398,d_g-684,df_c_min_kurt_d,g-12,d_g-74,g-249,g-569,g-97,g-201,df_c-90,df_g-535,g_all_max_sum_p,g-671,g-743,df_g-658,d_g-47,g-291,df_g-168,d_g-668,df_g-537,g-504,g-429,d_g_min_sum_p,d_g-535,g-763,g-166,g-358,df_g-644,g-707,df_g-542,df_g-306,g-456,g-726,d_g-373,g-133,df_c-20,g-548,d_g-527,df_g-522,g-548,g-180,df_g-206,df_g-122,df_g-743,g-451,g-90,df_g-554,df_g-314,g-771,g-477,g-579,g-543,df_g-241,df_g-33,df_c_min,g-707,df_g-466,g-579,df_g-333,g-299,g-143,cnt_2,df_g-606,g-194,df_g-321,g-456,g-146,c_all_min_skew_d,df_g-523,g_all_max_min_p,g-746,df_g-113,g-276,df_g-325,d_g_sum,d_g-189,g-398,c_min_kurt_p,df_g-38,g-57,df_g-675,df_g-321,df_g-261,g-162,df_g-163,df_g-294,g-540,df_g-66,df_g-150,c_all_max,g-207,c_all_max_skew_d,df_g-596,df_g-644,df_g-267,df_c_min_kurt_d,df_g-168,df_c_min,g-569,g-116,d_c_max_skew_d,d_g-164,g-441,g-393,g-297,g-732,df_c-67,g-90,df_g-129,df_g-206,g-314,g-377,df_g-719,g-390,df_g-105,df_g-623,g-34,df_c_kurt_skew_p,df_g-707,g_min_kurt_p,df_g-561,df_g-543,df_g-137,df_g-461,g_max_sum_d,df_g-487,df_c-15,g-91,df_g-665,df_c-71,c-68,g-379,g-349,g-108,g-116,df_g-122,d_g-345,c-90,g-436
